loan_id,risk_score,flag_at_0_5
4959,0.12580089538529274,False
4961,0.24000441991029314,False
4962,0.019585520938748706,False
4967,0.7583930371404901,True
4968,0.0019823871540646503,False
4973,0.05116662673764754,False
4986,0.08035459588402094,False
4988,0.10204744221970113,False
4989,0.26576215493516225,False
4990,0.02139599289056442,False
4996,0.05835480615101785,False
5002,0.16393364147091158,False
5005,0.28063671465336154,False
5015,0.014160734109469515,False
5027,0.032171253988950356,False
5032,0.04204141152785719,False
5034,0.0036750375211290617,False
5036,0.025406447961378052,False
5039,0.12693020308666123,False
5041,0.025384450795686783,False
5042,0.050519690264965604,False
5043,0.1676802406000703,False
5044,0.01594204989377555,False
5045,0.7112153499170139,True
5046,0.12055390030073669,False
5051,1.8428693894877792e-05,False
5060,0.06623295668118204,False
5061,0.05198695928261188,False
5063,0.9396076467537838,True
5072,0.4001061440816262,False
5082,0.054078958489858546,False
5086,0.04383410804866907,False
5088,0.02697054343687708,False
5103,0.005476635466153791,False
5110,0.007027827923348791,False
5117,0.09612786445025429,False
5124,0.08695925629646876,False
5125,0.06939895530008947,False
5126,0.8942337069335109,True
5128,0.9999999994620765,True
5130,0.04226993704436832,False
5131,0.011959775207976349,False
5132,0.6320448240036397,True
5134,0.14983099043113782,False
5136,0.2906768960930071,False
5138,0.006366578421596357,False
5140,0.12139131131788047,False
5145,0.17554915410622648,False
5147,0.07162019242005238,False
5148,0.0083746465328363,False
5151,0.01528367066799614,False
5154,0.0043956407597172216,False
5158,0.03192603097913881,False
5160,0.056531957133261854,False
5161,0.15253836083613012,False
5169,0.059264574335254505,False
5170,0.18071998788295868,False
5172,0.02871123692320894,False
5174,0.36741711662366516,False
5176,0.3042326020103313,False
5189,0.08654758270984458,False
5206,0.27707000302791435,False
5207,0.042866454535246054,False
5208,0.7051391334985297,True
5209,0.15319479503228495,False
5210,0.019378673652327996,False
5212,0.02854287152160128,False
5214,0.08142613885478614,False
5221,0.012587882351217274,False
5226,0.40935123212258273,False
5229,0.10984618713214259,False
5236,0.25055938823644164,False
5237,0.007317513224166072,False
5241,0.2254186806000516,False
5245,0.04654149261516452,False
5253,0.3015962342802234,False
5260,0.0209149443778749,False
5265,0.03400242893738076,False
5269,0.9999604073565186,True
5270,0.08292259432286547,False
5281,0.06142997247688456,False
5282,0.9999999557975667,True
5285,0.17086872357110477,False
5287,0.028880961155900227,False
5293,0.03803710552776288,False
5301,0.3167187464034604,False
5304,0.07802939969245047,False
5310,0.06307230303632257,False
5311,0.002712633784249751,False
5312,0.0810397855476351,False
5313,0.04676241624633089,False
5314,0.7306590419318558,True
5316,0.2989755035555661,False
5318,0.019255686593992842,False
5319,0.14297287545692766,False
5320,0.1663800894377903,False
5325,0.07838142700620887,False
5329,0.0389777473533269,False
5332,0.0015212098444456496,False
5334,0.07117752300799839,False
5337,0.12520342466198317,False
5338,0.9780034360113161,True
5343,0.028840940065181064,False
5346,0.0299206757940479,False
5350,0.2383478773200158,False
5351,0.009584976702699316,False
5352,0.255992845748316,False
5354,0.02946517214699495,False
5358,0.03828938299071592,False
5360,0.017726938179896345,False
5363,0.9999976043381094,True
5365,0.27970171221754153,False
5366,0.14501398294118506,False
5367,0.13508735099459157,False
5368,0.02233818679291605,False
5369,0.2616884330666212,False
5375,0.34814300210221566,False
5377,0.1063031515134871,False
5382,0.02201605148177716,False
5384,0.11268322761579544,False
5385,0.029864820207416588,False
5388,0.378609211410803,False
5389,0.14674370273916879,False
5390,0.08949911503450511,False
5395,0.5938390024021283,True
5398,0.018647629336297992,False
5409,0.011424544415363575,False
5413,0.05615437975660491,False
5414,0.0987814068160729,False
5415,0.10819795627358841,False
5418,0.05435709843992665,False
5419,0.7253887680353818,True
5420,0.20288729213602033,False
5428,0.03345107017943735,False
5429,0.003878767890267966,False
5435,0.06499016997386357,False
5445,0.03938899816268001,False
5446,0.02950787993725327,False
5447,1.0,True
5449,0.13046562236114972,False
5450,0.06585394320605015,False
5451,0.053976853186920935,False
5452,0.0030602264619699325,False
5453,0.12063805352771373,False
5463,0.11204609695599287,False
5464,0.06384778089618026,False
5469,0.11386005822673637,False
5470,0.10523354366234505,False
5479,0.21315466002370165,False
5482,0.018075017611147277,False
5486,0.18335400040376382,False
5491,0.4955629750454003,False
5494,0.22219231484410243,False
5495,0.016978993202842765,False
5501,0.03589524725627307,False
5519,0.04911652748564741,False
5520,0.03362564688210338,False
5523,0.12102201235779118,False
5525,0.04387145608176568,False
5526,0.0025521403351440393,False
5527,0.03003635688676059,False
5531,0.03923278349899721,False
5532,0.34232309741914124,False
5533,0.04431880296080827,False
5549,0.017294333966233606,False
5556,0.34662543680360974,False
5561,0.536853260032532,True
5563,0.03781403039216931,False
5568,0.23756413668916,False
5569,0.2651891370865926,False
5576,0.014515629935870212,False
5582,0.004947706175367587,False
5584,0.004529841287726362,False
5585,0.08138541101887793,False
5586,0.07767017323222877,False
5589,0.1881358290330402,False
5591,0.10587023035356816,False
5593,0.09293788245664247,False
5595,0.03980512963776585,False
5599,0.0185250801950463,False
5606,0.6871152041880458,True
5610,0.0038189486540637844,False
5611,0.464340862945955,False
5614,0.02226756488648573,False
5616,0.030214297323978564,False
5620,0.020772909517533363,False
5624,0.9999760225732401,True
5625,0.041332508707348704,False
5634,0.01778582497072204,False
5635,0.047583997557831596,False
5638,0.2929134087234419,False
5643,0.14464212913308586,False
5644,0.057635914314672215,False
5651,0.05316582724499144,False
5656,0.20130325910769514,False
5657,0.09179985888904149,False
5665,0.008856118204556607,False
5669,0.020367563363628414,False
5674,0.1084541943942247,False
5681,0.04362971947078439,False
5682,0.12632083477945782,False
5683,0.04054206185102389,False
5693,0.06655259496294585,False
5698,0.03553700419018891,False
5699,0.021382642006077063,False
5706,0.0766732408747727,False
5713,0.018628599465835567,False
5718,0.0015615397441191327,False
5719,0.0318429528157185,False
5723,0.05308806634576727,False
5724,0.08114771724038904,False
5725,0.4247965648351705,False
5731,0.7390299992377865,True
5739,0.1910401501371455,False
5740,0.19161712877842738,False
5741,0.11445691254189928,False
5750,0.0004267418070473021,False
5754,0.03816143425797707,False
5758,0.4991534926028752,False
5760,0.01426372567018166,False
5765,0.14782357200058058,False
5772,0.042778571887004416,False
5773,0.12221711864294468,False
5774,0.2988812318532348,False
5779,0.026377814236407452,False
5782,0.05215779122806321,False
5784,0.36417479061124436,False
5790,0.13541856296426374,False
5799,0.09194841308158261,False
5804,0.03523467278480068,False
5805,0.4090328438801305,False
5808,0.009167589005381751,False
5815,0.05807479791666615,False
5817,1.0,True
5823,0.04184220208004991,False
5830,0.023763600692262295,False
5836,0.08516099332799022,False
5837,0.16914166830076935,False
5841,0.01393718902454055,False
5850,0.07686320608105347,False
5856,0.9991973425482796,True
5861,0.07070776304057101,False
5862,0.010992124980865015,False
5865,0.04838238255908456,False
5868,0.008313861087174352,False
5876,0.1974128554552481,False
5877,0.06919228785671196,False
5878,0.010302573708871205,False
5880,0.11309073096811782,False
5882,0.09004008976061072,False
5886,0.2511026759033289,False
5887,0.08828712643658301,False
5889,0.009026650637545316,False
5892,0.36614551871490736,False
5893,0.056805690611512624,False
5895,0.002603251389846756,False
5897,0.00877445497221587,False
5900,0.04435629134765376,False
5906,0.03337519758251776,False
5909,0.029430345843341435,False
5918,0.2463154443846541,False
5922,0.19144074267648506,False
5923,0.18023320238729953,False
5930,0.04921550554607498,False
5931,0.1990421515554457,False
5932,0.20760885709518226,False
5933,0.039536415206918515,False
5938,0.46246534838757836,False
5940,0.07469721888586356,False
5942,0.00021603928933929459,False
5953,0.0955079412690299,False
5956,0.2566512156938233,False
5959,0.18208830821314864,False
5963,0.1622539209102723,False
5970,0.5223498318890444,True
5973,0.20971598154924292,False
5976,0.5105976150558321,True
5977,0.013869489899711776,False
5980,0.03912768612285925,False
5988,0.4242500534097029,False
5989,0.16538722455642976,False
5991,0.9928941991506957,True
5992,0.07485279088064349,False
5997,0.19042415854504885,False
5999,0.010131108522849354,False
6004,0.06257386336641713,False
6006,0.348478252855234,False
6007,0.09464404483389634,False
6010,0.07929094497804234,False
6011,0.060120473123453054,False
6012,0.23491418969339806,False
6013,0.5014786354262827,True
6014,0.15387873856909987,False
6015,0.02602488670301213,False
6019,0.05668442111700702,False
6027,0.1908859234695314,False
6028,0.019207376866067168,False
6037,0.004477088522750937,False
6038,0.28960022109023864,False
6043,0.029195680996547065,False
6044,0.07079875383146962,False
6052,0.011442311609435075,False
6054,0.09379854086166695,False
6055,0.1974544189016639,False
6059,0.366924954139683,False
6063,0.5059685936412875,True
6064,0.04477064725356819,False
6066,0.07897771342594967,False
6072,0.10586213425954197,False
6073,0.06411253478829744,False
6075,0.9999705733310967,True
6076,0.05542747083274043,False
6077,0.01599779490459898,False
6078,0.021968094415891464,False
6083,0.09331301721331305,False
6087,0.3898562732382281,False
6088,0.23592771432623816,False
6095,0.0040425405349182085,False
6097,0.17373695729784924,False
6103,0.081891316450381,False
6104,0.04080954452040208,False
6109,0.05647558762398827,False
6111,0.7071228502128084,True
6112,0.9999430640840571,True
6113,0.036512193880808536,False
6118,0.0408028253773017,False
6120,0.10086202853957996,False
6130,0.018673453131583907,False
6136,0.14530142504347446,False
6137,0.03978454792286614,False
6142,0.034141867948633275,False
6144,0.30796947652835127,False
6147,0.0034289693434644895,False
6150,0.014095510711868495,False
6151,0.10309522583659432,False
6153,0.20914503562420794,False
6157,0.05519312904420031,False
6168,0.03620884247962346,False
6169,0.012089563375086113,False
6173,0.036131262673343344,False
6175,0.9999512327359742,True
6178,0.07994493037344313,False
6185,0.045365807509633045,False
6190,0.1336093599709746,False
6196,0.10688373082742025,False
6202,0.04895028058772843,False
6207,0.013670466810330174,False
6210,0.10282875127531364,False
6215,0.00903319674281589,False
6216,0.02883652389338896,False
6223,0.018844882622814748,False
6227,0.007437312913633989,False
6228,0.6426955923328471,True
6229,0.008169641719503672,False
6232,0.42814225861158384,False
6234,0.018950695536278553,False
6235,0.028048079380994274,False
6237,0.9660047854285074,True
6239,0.5121466178860598,True
6242,0.1401640647872377,False
6244,0.23230056622289816,False
6249,0.2829650785345954,False
6253,0.06287825415779325,False
6254,0.06865961889584951,False
6255,0.2884941763777133,False
6272,0.04017159788284927,False
6278,0.10632537931824378,False
6279,0.09901847686682416,False
6283,0.006546958654910792,False
6294,0.007340223587747072,False
6296,0.08968433981427616,False
6297,0.015240828172420203,False
6302,0.02102684521318302,False
6303,0.16866524704624422,False
6306,0.020101499695858973,False
6309,0.052117042469507734,False
6310,0.058060250771259606,False
6312,0.008125540805710298,False
6313,0.08025357097883973,False
6315,0.013659919815456634,False
6316,0.05959131540056848,False
6320,0.015517897934169675,False
6321,0.10258263910397539,False
6322,0.11760673408670806,False
6336,0.1512192394132002,False
6338,0.32117956593485275,False
6342,0.04970065029312227,False
6346,0.008086997049664193,False
6350,0.046476416193736055,False
6353,0.02445337050553351,False
6354,0.17537644304824312,False
6355,0.04546838233052782,False
6356,0.22311289484863753,False
6357,0.0015559835225738565,False
6358,0.07665744513478952,False
6362,0.02477355031023644,False
6377,0.07833288049052364,False
6386,0.12329881964379123,False
6399,0.013345121250428757,False
6402,0.060387057116079154,False
6403,0.047303047068518046,False
6407,0.013555020420854887,False
6415,0.7160444429583586,True
6421,0.057007815231773465,False
6435,0.14278728098613466,False
6436,0.8984934456111239,True
6437,0.3143441247033096,False
6442,0.03260382820916436,False
6450,0.026453445753888395,False
6456,0.052543363002645616,False
6460,0.03696458674132254,False
6461,0.0289658276556562,False
6464,0.04579608845596362,False
6468,0.043957587841571125,False
6469,0.04369872610888215,False
6470,0.010082563637883232,False
6471,0.03739370156171447,False
6474,0.004225979860660833,False
6486,0.021027813981033934,False
6490,0.07051732039314189,False
6495,0.3122329924389324,False
6499,0.11838288117471525,False
6501,0.0827225293929497,False
6502,0.023996235481296854,False
6508,0.0029057858514001194,False
6509,0.12515599422774867,False
6512,0.0337171331447706,False
6520,0.30365271303119984,False
6526,0.4335472454636958,False
6534,0.4095389395140926,False
6535,0.03556279563338931,False
6539,0.03850369469273518,False
6540,0.100958883137131,False
6541,0.04328836666775421,False
6544,0.008115408958439463,False
6545,0.14986033431049417,False
6546,0.022284152935054504,False
6550,0.04155736431481033,False
6552,0.02982297095939356,False
6553,0.059938887676610875,False
6554,0.47023248704102816,False
6562,0.06836255609803407,False
6568,0.023788305807196777,False
6569,0.12013230423219513,False
6571,0.005659630937853568,False
6574,0.15807058229558124,False
6577,0.06485795172641308,False
6578,0.09886197827322031,False
6580,0.10955852366809982,False
6585,0.038696028520020506,False
6589,0.22689643886174582,False
6591,0.015003279186877471,False
6594,0.7471914399293865,True
6596,0.08585555247034923,False
6598,0.05651330548501791,False
6599,0.0012131167291066947,False
6600,0.06943403786961659,False
6605,0.019164756521843514,False
6607,0.0379250363066152,False
6612,0.37757727965046034,False
6613,0.09679375572983832,False
6621,0.0629418255134234,False
6624,0.0700198655836031,False
6625,0.42538549504902434,False
6632,0.007322122909190853,False
6633,0.07635999254034745,False
6641,0.1082339413001293,False
6642,0.0811362215188686,False
6643,0.003127956474579685,False
6644,0.16431417217413827,False
6645,0.07468905792806493,False
6647,0.04450281187481887,False
6650,0.3817539940436481,False
6655,0.1469510626875012,False
6659,0.04695152021797832,False
6660,0.19110035827090405,False
6665,0.0034989915587777393,False
6667,0.01380520894628354,False
6668,0.03109523859931321,False
6675,0.012239841030001981,False
6676,0.27274329570898487,False
6677,0.013020410749656177,False
6678,0.05366943359168483,False
6682,0.8352918759344385,True
6686,0.04120790172111499,False
6687,0.14391716096796808,False
6688,0.06710266740641038,False
6694,0.27056297499678866,False
6695,0.26175905292028795,False
6696,0.019734383738508436,False
6698,0.10285185150746791,False
6699,0.013650966847060294,False
6704,0.0427989867504415,False
6705,0.19143641745128953,False
6712,0.04030174544777731,False
6715,0.03276958677261192,False
6721,0.21977541394550432,False
6725,0.03477128814339197,False
6726,0.012417416993363127,False
6727,0.06702130200093416,False
6729,0.061679224649696676,False
6730,0.11874789170656751,False
6732,0.007979836689112096,False
6734,0.1053019119706337,False
6736,0.345904186516086,False
6737,0.005963681577267919,False
6738,0.9999996856605067,True
6745,0.02705142338282113,False
6746,0.14159833311749295,False
6748,0.06921649005952023,False
6751,0.16643739402379262,False
6753,0.20541104651596886,False
6755,0.07367599999604056,False
6758,0.2006260629358509,False
6763,0.13608835432835167,False
6764,0.010465512480760403,False
6766,0.0239259309491552,False
6785,0.022298388859023903,False
6790,0.11449092452057158,False
6791,0.460144654475146,False
6793,0.09809432775593363,False
6805,0.029910903804668373,False
6808,0.246886836504707,False
6810,0.017201050862547175,False
6816,0.14174877960751192,False
6817,0.06710984170458202,False
6818,0.0036199763047903267,False
6819,0.17082822817991472,False
6820,0.14410886916998644,False
6821,0.04249202777437534,False
6824,0.999954406129599,True
6836,0.05271935683546288,False
6841,0.038850925272014405,False
6851,0.9731753345661718,True
6852,0.031197961912840202,False
6855,0.013259090863466405,False
6856,0.21210328007562024,False
6857,0.0020487369022268286,False
6859,0.2598825739528354,False
6861,0.045510346201114854,False
6863,0.11525617149159631,False
6865,0.24869688991688066,False
6866,0.0900257309095782,False
6868,0.06132165723663612,False
6871,0.053297136019902894,False
6872,0.2573562629369189,False
6875,0.0042090092432211824,False
6876,0.4070015685792185,False
6877,0.06196669579536032,False
6878,0.04003254485595612,False
6887,0.20327311260583025,False
6888,0.056879726849644194,False
6895,0.057363674926859655,False
6903,0.2365632007328472,False
6908,0.05631123238749499,False
6913,0.014604223417940607,False
6919,0.07246168862287879,False
6921,0.13513346101192394,False
6922,0.13983000728124137,False
6923,0.021663945830828406,False
6926,0.05374409739539475,False
6929,0.011790633420311985,False
6932,0.011602556119836167,False
6933,0.25206834351508967,False
6934,0.4285423359475808,False
6938,0.11073257224766399,False
6940,0.166516409686792,False
6942,0.08329467902874195,False
6944,0.07793983169565731,False
6948,0.28348271037854006,False
6949,0.04351491135198305,False
6950,0.02447714674748434,False
6955,0.027232866315297137,False
6956,0.08984700281397909,False
6959,0.9999905698234524,True
6960,0.0030723396773668526,False
6961,0.19656693804482991,False
6962,0.1265149662352053,False
6965,0.05558585473497573,False
6969,0.0163960407941459,False
6970,0.05733775960984871,False
6984,0.05199479740017671,False
6985,0.055547190101849477,False
6986,0.9999999999937914,True
6992,0.1701510899791368,False
6995,0.026692152451129856,False
6996,0.01903666406881914,False
6998,0.1740556546825727,False
7001,0.04480546556628317,False
7004,0.043364756681581455,False
7008,0.13573170972927026,False
7013,0.0164126355778542,False
7034,0.008614256574877818,False
7035,0.20861006108678373,False
7036,0.15015734491536922,False
7037,0.03603778611327337,False
7046,0.2903854069937174,False
7049,0.24555116255665407,False
7050,0.026225654078749164,False
7051,0.036009130245538305,False
7055,0.029750182530807016,False
7057,0.1411263862011773,False
7061,0.041403223972883305,False
7066,0.2386656437255602,False
7067,0.09314838065292848,False
7072,0.014104802848507476,False
7085,0.4812791789091368,False
7087,0.019291109405281632,False
7088,0.054401013442856735,False
7091,0.04798680590157194,False
7096,0.07908897999227457,False
7097,0.10079123800590671,False
7100,0.06298376079850816,False
7101,0.37183566848812877,False
7104,0.1395468494221216,False
7110,0.02849609650836763,False
7115,0.018166552627184963,False
7119,0.11357760404564621,False
7121,0.031069442290235297,False
7122,0.9999664050210129,True
7129,0.01315865746059047,False
7130,0.2707583860644116,False
7136,0.08946386602998432,False
7137,0.23776516423776034,False
7138,0.006154762834628525,False
7139,0.0035738502281167364,False
7142,0.31108307046472017,False
7147,0.025204802681588923,False
7151,0.11359537299794718,False
7154,0.15922389904749235,False
7164,0.06988843988154557,False
7166,0.45225795781689726,False
7167,0.10676445139249047,False
7168,0.026799129782237308,False
7171,0.05977000692146368,False
7172,0.080568856441149,False
7176,0.05036434342602157,False
7181,0.26819444976566403,False
7187,4.899334712167325e-05,False
7189,0.048748847651653826,False
7192,0.12357104270691407,False
7194,0.04405562375792264,False
7195,0.2365906330560204,False
7198,0.14177625983055653,False
7199,0.043081749353632355,False
7200,0.01651284752116706,False
7201,0.08924113023603739,False
7202,0.05871107233069281,False
7209,0.47893824890986325,False
7213,0.08375452500852011,False
7219,0.009463510289940172,False
7220,0.05521782010767517,False
7221,0.08362408883381878,False
7226,0.2510027475390117,False
7227,0.08751896348184526,False
7230,0.010868715097396196,False
7233,0.013378774539467498,False
7235,0.010957567270154546,False
7240,0.15939238319443086,False
7241,0.29585782108019115,False
7242,0.026332167835890357,False
7243,0.14191859740932844,False
7246,0.1868672282791327,False
7249,0.013937224431285552,False
7250,0.007624041247913858,False
7253,0.03103915573516043,False
7255,0.18163835629092576,False
7259,0.13054929032720552,False
7262,0.29849948885756006,False
7263,0.08883460454074052,False
7264,0.161099887083238,False
7271,0.02278169418928804,False
7277,0.06667264987788869,False
7279,0.24697933557159055,False
7284,0.22133181757914866,False
7286,0.0336928741693834,False
7292,0.05168611809767863,False
7294,0.008240882286352143,False
7295,0.04001021310179502,False
7304,0.5320705258493938,True
7305,0.03341655653027553,False
7308,0.08440384294741753,False
